{
  "epochs": 10,
  "learning_rate": 0.001,
  "num_examples": 3,
  "train_loss_history": [
    0.9900119753307864,
    0.9602723871800188,
    0.9314262173143902,
    0.9034466262574733,
    0.8763075808256016,
    0.849983829905801,
    0.8244508809613819,
    0.7996849772433346,
    0.7756630756863233,
    0.7523628254687108
  ],
  "final_train_loss": 0.7523628254687108
}