{
  "framework": "python_fallback_linear",
  "question_dim": 64,
  "candidate_dim": 384,
  "input_dim": 448,
  "weights": [
    0.0,
    0.0,
    0.0,
    0.0,
    0.0,
    0.0,
    0.0,
    0.0,
    0.0,
    0.0,
    0.0,
    0.0,
    0.0,
    0.0,
    0.0,
    0.0,
    0.0,
    0.0,
    0.0,
    0.0,
    0.0,
    0.0,
    0.0,
    0.0,
    0.0,
    0.0,
    0.0,
    0.0,
    0.0,
    0.0,
    0.0,
    0.02495146882075057,
    0.0,
    0.0,
    0.0,
    0.0,
    0.0,
    0.0,
    -0.02495146882075057,
    0.0,
    0.0,
    0.0,
    0.0,
    0.0,
    0.02495146882075057,
    -0.02495146882075057,
    0.0,
    0.0,
    0.0,
    0.0,
    0.0,
    0.0,
    -0.02495146882075057,
    0.0,
    0.0,
    0.0,
    0.0,
    0.0,
    0.0,
    0.0,
    0.0,
    0.0,
    0.0,
    0.0,
    0.004679077266107015,
    0.0009326635447934079,
    -0.001157076575796668,
    0.0009838205173513387,
    -0.0005267275161511141,
    0.001461307462447936,
    0.001035834264508536,
    -0.003060207130564717,
    0.0024137948009772424,
    0.0027672710355830074,
    -0.00036614837852156626,
    -0.003842596878812039,
    0.001476320145773076,
    0.0012151310087603936,
    -0.0011771420938720188,
    -0.003251107215417039,
    0.0003254989891933487,
    -0.0017227768467388493,
    0.0007740884208355713,
    0.001834929714454829,
    -0.0032747701085003686,
    0.0015497965801883893,
    8.155040292227617e-05,
    -0.0029704431187773995,
    -0.0005670421896311891,
    0.00041657496846010954,
    -0.0005272744577722994,
    -0.00014340959180251451,
    -1.8856339110719042e-05,
    -0.00045901820614894313,
    0.002647912479598504,
    -0.0013417184608828369,
    -0.0004875291209243163,
    0.002452356087314478,
    -0.0021562569834385967,
    -0.002389632514926748,
    -0.00012489504943621562,
    0.00029519051828480426,
    -0.00010074923712335475,
    0.0023809474012375957,
    -0.003772795751931765,
    7.70304791180044e-06,
    -4.404074771611112e-05,
    0.0004903636340760523,
    -0.0009049179544695841,
    0.0015545558839529987,
    -0.0029060219142236533,
    -0.002033327850663754,
    0.0010720016253054467,
    -0.0017638893320427648,
    -0.003127870961364658,
    0.00031245860903901464,
    -0.0019570161722473134,
    0.001392838891636835,
    0.0003609119977677008,
    0.001263162114811199,
    0.001341083837539633,
    -0.0015697695354045366,
    0.00013431314278483476,
    -0.0004799934885655367,
    0.0024777896622763806,
    0.00031453615390566667,
    0.0008629605733802068,
    0.0012831880398504307,
    -0.0018144078066907499,
    0.0030752541585262064,
    -0.003639137425630761,
    -0.0016679598174152107,
    -0.002349612177006658,
    -0.0027816018603438316,
    -0.0009921361630672127,
    -0.0002731289740798903,
    0.0017374783878325575,
    -0.0024116428863418743,
    0.0016967622459172211,
    -0.004589130561948893,
    -0.0005555288099832672,
    -0.002316749461710416,
    0.001624126579186972,
    1.870495364215287e-05,
    -0.0020505710686940805,
    0.0024517429081268105,
    -0.0014817117762135894,
    0.0004569193571680012,
    -0.002241843002536035,
    0.0003457112586256449,
    -0.00015001780816522426,
    0.0008653093496675716,
    -0.004047035655202554,
    -0.001465606267848979,
    -0.0005143507932741178,
    0.0012688202106816346,
    -0.001646693316186989,
    -0.000586789168530583,
    0.00038464997053378467,
    0.0033909924119729243,
    0.00045937239471393286,
    0.00022553716148217978,
    0.0019481848945365197,
    0.0025238653220479076,
    -0.0005555942548296752,
    0.001776393039797765,
    0.00225250147494231,
    0.0010423440300772833,
    -0.00487115378576109,
    -0.0024947458244522222,
    0.0013611561511509974,
    0.0008136942932616136,
    0.00023258011044169306,
    -0.0035068510691387503,
    -0.002492943549495548,
    0.0008490194321416163,
    -0.0029993128252860817,
    0.001057926842655008,
    -0.001590017989957702,
    -0.0014558978919706953,
    0.003881115474152656,
    -0.002333450061028248,
    0.00303696928091744,
    -0.0019786715120332053,
    0.0034714804509078023,
    0.001572844487645989,
    0.0019313320195353402,
    0.00428825532249462,
    -0.00021534073657909287,
    0.0006109596223609307,
    0.0013347605763246342,
    -3.550486206479734e-34,
    0.0006808658370640487,
    -0.0024541231876576766,
    0.0007084410323353772,
    0.001356969807098374,
    0.008552757783714534,
    0.0004130209931875399,
    -5.6525332756967636e-05,
    0.00361230485463899,
    0.0011063112994424977,
    0.0020410937180777283,
    0.0012120794789651202,
    -0.002850562794160763,
    -0.0015291580342358447,
    -0.0005351591109022016,
    0.0031272099416601623,
    0.00034003373258900476,
    0.0007292231220801044,
    0.003563657200427557,
    -0.0027806895326798094,
    0.001545932696890013,
    -0.003492990977337407,
    0.0022215694813568863,
    0.00252089343565046,
    0.0018088034918043634,
    -0.0011501532789013477,
    0.0012372151751718103,
    0.0004852547296597081,
    -0.00048818219389371546,
    -0.0010183009648003934,
    9.516211018420592e-05,
    -0.0002462947226546843,
    0.0016013274189537819,
    -0.001296878884000644,
    -0.0014615700901760124,
    -0.003802380684554687,
    -0.0008706305271309079,
    -0.0013512644517646322,
    0.0011559435142388058,
    0.0016177226136975269,
    -0.000782278628603458,
    -0.003177550484389535,
    0.0021857818133531573,
    0.0005271001071509069,
    0.0004331376729438822,
    -0.0008689661551275313,
    0.002755602722690016,
    0.0021721796559468877,
    0.0028679479873657187,
    -0.0020387811707045637,
    0.0013587901181715825,
    -0.0008562787275887549,
    -3.3839642840635194e-05,
    -0.0019319015424725972,
    0.0014253311130863614,
    -0.0032763423178031477,
    -0.0006490808586283565,
    -0.0001539925170142263,
    -0.0005073174837027724,
    0.0028158659225494156,
    0.0002390917051596985,
    0.002654758217536824,
    0.0013872466731994961,
    -0.0006110708874849262,
    -0.0015022530000249684,
    0.00023537156372643812,
    -0.0009079263807459238,
    0.00034334576394685467,
    -0.0009440936089859192,
    0.0036844254764827242,
    0.0004127016896409818,
    -0.001821685324885714,
    -0.000262353258626687,
    0.002959100969224202,
    0.0015395632107716517,
    0.00031048028578878665,
    0.000397140386436189,
    -0.0013648239363559676,
    -0.0016974813679439345,
    -0.0017443441772041757,
    -0.0010902831054926086,
    0.0011225849768099168,
    0.0014685096578170992,
    -9.838198808499603e-05,
    6.533607683233077e-05,
    -0.0015611744002804453,
    -0.0007058780892872326,
    -0.0008419001669490738,
    -0.00041963073245515777,
    -0.0033626292512519687,
    -6.314578321379631e-05,
    -0.004875281906295427,
    -0.00012641931319196665,
    -0.0009548940461676637,
    -0.001227367944947489,
    -0.0014451644087390301,
    1.2752833508402602e-34,
    0.0028252251768086305,
    -0.0030372134365786985,
    -0.004553347171477419,
    -0.00038972697290000786,
    0.00226818270275687,
    -0.00010130648401838365,
    -0.0016492480443074738,
    -0.002416225981174495,
    -0.0027793490744948564,
    0.001683549315597147,
    0.0017006115671669932,
    -0.00014240248948666325,
    0.0033576965680356683,
    -0.0004572215058008923,
    0.001553440408512052,
    0.0035160957281677925,
    0.005176009373445578,
    0.0005030539953708403,
    -0.0009254947429125191,
    0.0012095618405512248,
    0.003160865838081525,
    5.143746952209189e-05,
    -0.0005361190096984444,
    0.0007410728391516572,
    -0.0002870522095695287,
    0.002370579623404702,
    0.00042581194776912203,
    0.00044021936867842654,
    -0.0056847224719156885,
    -0.00011539435269004661,
    -0.0038249433752518113,
    -0.004116188212856057,
    0.0013908599426511504,
    0.0006819544467212717,
    0.0015628793977624125,
    -0.0014173446953824193,
    0.0007892872880286424,
    -0.004411732199720336,
    -0.0030260298521299417,
    0.0007255617397868035,
