{
  "framework": "python_fallback_linear",
  "question_dim": 64,
  "frame_dim": 384,
  "input_dim": 448,
  "weights": [
    0.0,
    0.0,
    0.0,
    0.0,
    0.0,
    0.0,
    0.0,
    0.0,
    0.0,
    0.0,
    0.0,
    0.0,
    0.0,
    0.0,
    0.0,
    0.0,
    0.0,
    0.0,
    0.0,
    0.0,
    0.0,
    0.0,
    0.0,
    0.0,
    0.0,
    0.0,
    0.0,
    0.0,
    0.0,
    0.0,
    0.0,
    0.006644284808231075,
    0.0,
    0.0,
    0.0,
    0.0,
    0.0,
    0.0,
    -0.006644284808231075,
    0.0,
    0.0,
    0.0,
    0.0,
    0.0,
    0.006644284808231075,
    -0.006644284808231075,
    0.0,
    0.0,
    0.0,
    0.0,
    0.0,
    0.0,
    -0.006644284808231075,
    0.0,
    0.0,
    0.0,
    0.0,
    0.0,
    0.0,
    0.0,
    0.0,
    0.0,
    0.0,
    0.0,
    0.0010700880454225404,
    0.00016183942722483206,
    -0.00046304779778084146,
    0.0008548903147845348,
    -0.00040124559059400344,
    0.0006120018006856498,
    0.00010003728170147606,
    -0.0008224413291966649,
    0.0005604142007674425,
    0.0005013499305193748,
    2.7812764151416173e-05,
    -0.0012685071842633818,
    0.0006316003559141175,
    0.0006478690358209559,
    -3.32985126840059e-05,
    -0.0007435654880820763,
    -6.77463646592703e-06,
    -0.00042773315921749836,
    0.0002376873711008882,
    0.00031155892827291315,
    -0.0007058014196083506,
    0.0005891703633475579,
    0.00032791688786724217,
    -0.000656919784291412,
    0.0001752246651657162,
    0.00032518299136048684,
    -0.0003942606629529908,
    1.6849196820244887e-05,
    9.658416091036062e-05,
    -0.0002239458550483794,
    0.0014385181335501134,
    -0.0005170989363522064,
    0.0001366722132012445,
    0.0007260178570450911,
    -0.0001433991885411704,
    -0.0005513276100420193,
    8.5414195480984e-05,
    -7.630683732139547e-05,
    3.9029232656619334e-05,
    0.0006440227919366729,
    -0.000680776515479018,
    -4.6240229423566493e-05,
    0.0005266549110286351,
    0.00017806422862612356,
    3.840660203422526e-05,
    0.00037985150435505236,
    -0.0005894279763307359,
    -0.0007106501524038889,
    0.00039657834690591916,
    -0.0007109403075677357,
    -0.00044685938065855397,
    0.0005027188103441017,
    -0.0006228554606281469,
    0.000962414089963536,
    0.00043192957657486614,
    0.0010098514747850602,
    9.118092710763043e-05,
    -0.0003626370105372691,
    0.0004429558074727734,
    -0.0005904529448921718,
    0.0002739035879299515,
    0.0002798716036231048,
    0.0005199822506148199,
    0.0002346896888397595,
    -0.00017690842179970457,
    0.0007430307438258974,
    -0.000819936759949949,
    0.0001769883403754657,
    -0.000394103823198842,
    -0.000663368223640331,
    -0.0001010574266792984,
    -5.0053020836810105e-06,
    0.0006186848658562636,
    0.0001858972522354221,
    0.0005527560950851205,
    -0.0006893684684129261,
    -0.00044772512639357134,
    -0.0005040684829319486,
    0.0003627477453652649,
    -5.0232062622341275e-05,
    -0.0008292874862727653,
    -3.3575849416620865e-05,
    -0.00034129316664819156,
    0.00012737101400001627,
    -0.0011031460408085132,
    9.36852580022209e-05,
    -5.8536675585753895e-05,
    9.742653188629228e-05,
    -0.0011318798078458637,
    -0.0008414703862725568,
    0.00038227141135410844,
    0.0002696020216553434,
    -4.182790886562509e-05,
    -0.00023946193326150337,
    7.399592274848087e-05,
    0.0009739989460026647,
    -4.2101730043362076e-05,
    0.0004113974944461076,
    0.0006333595673997899,
    0.0005831672773766682,
    -0.0005145326077447825,
    0.00016855469216181589,
    0.0009124509228355332,
    0.000736883535991308,
    -0.0011120809469870399,
    -0.000899466670655138,
    0.000784580428241845,
    0.000255789536500849,
    -0.00032866003310022714,
    -0.0009004436354146138,
    -0.00048728872127405833,
    0.00014058497399714424,
    -0.0012535566541623383,
    0.0003283691025428262,
    0.00012229996067075456,
    -0.00046962097138963645,
    0.0014763911310395712,
    -0.0004383789070944379,
    0.00044519369678977576,
    -0.0004261633773127382,
    0.0007651507207758451,
    0.00010199005169455551,
    0.0006059488790244815,
    0.0008908063990944262,
    -0.000295348336436453,
    0.0003082523435151104,
    0.0005101268652585453,
    -9.177802967998097e-35,
    0.00048296555558425576,
    -0.000515828185327734,
    -1.610756280355799e-05,
    0.0005651377529117958,
    0.002384770400819818,
    0.00013015750251308366,
    -0.0004545734088609656,
    0.0013184769019863299,
    0.0003871885474256722,
    0.0009143726063076381,
    0.0002467264965312972,
    -0.00032600686301569834,
    -0.0008851544415358813,
    0.0003976738595644168,
    0.0005206811204849341,
    0.00029629346033336696,
    7.509341224586869e-05,
    0.0005486390800606679,
    -0.0006023311605019467,
    0.00041500179851255764,
    -0.00046391843092441606,
    0.0009384333614852018,
    0.0007225445632640537,
    0.0009614148424068242,
    -0.00037717734142603233,
    -0.00020174832038835806,
    0.00017625016928657136,
    -0.00019544581188121136,
    -0.0003469074386743353,
    -0.00013044930286632784,
    -0.00022812045175458893,
    0.00019582765094669095,
    -0.0005545565330331552,
    -0.0007039040910441122,
    -0.0009236768613311378,
    -0.00014784280180461332,
    -0.0006701099181137937,
    0.00033205047131864375,
    9.377455895254842e-05,
    -2.093655306741429e-05,
    -0.0006603350574855501,
    0.0003264813461171412,
    0.0002168850711803476,
    -5.9224267709655185e-05,
    -2.8313745404591446e-05,
    0.0009171990709434155,
    0.0008265527860919057,
    0.00047136082730114365,
    -0.00024476842390323654,
    0.0006178543010802483,
    -0.00039528536734636583,
    -0.00025539614529021954,
    -0.0009139395419760961,
    0.0009004907803273835,
    -0.0008387761744830242,
    -0.00032228328389107214,
    4.442387367386888e-07,
    -0.00026138043128197646,
    0.0014194091267874546,
    0.0002834294620603244,
    0.0005512439830274328,
    0.0006799311655340034,
    -0.0006356377334128547,
    0.00026220962287577614,
    0.0003873405085274436,
    -5.1882374650234754e-05,
    0.00014370250387565087,
    -7.742339826732489e-05,
    0.001038013066827109,
    -0.000309222885098738,
    -0.00023821718369637,
    -0.0005233996231445904,
    0.0007008285547200817,
    0.00017343509971823063,
    8.14448488288872e-05,
    3.230321702479843e-05,
    -0.0008474228452566463,
    -0.0008574856485191955,
    -0.0012250830816189708,
    -0.00042152177046946905,
    0.00024361542755507845,
    -1.541398447877949e-05,
    2.5648458262142605e-05,
    0.0008169727028679453,
    -0.00024209234216116733,
    0.00020332612698543224,
    -0.000195547469029345,
    3.7723245563799836e-05,
    -0.0008521189951511634,
    0.0002476135981859921,
    -0.001094612702246413,
    0.00026992836351695136,
    -0.0001395195233188288,
    -0.00030390263476076483,
    -0.00020638107705618595,
    3.7639970961087956e-35,
    0.0008646109455370056,
    -0.0007028786865921177,
    -0.0013339922719702434,
    0.0005631770435434392,
    0.0008164225786578903,
    0.00022543222622183057,
    -0.00044378703708783845,
    -0.0006902768783810902,
    -0.00029286165339629275,
    0.0006618535921025984,
    0.0006310364723466828,
    -0.0002815334453886716,
    0.0012608308504468942,
    -6.369045958944365e-05,
    0.0002514602409178084,
    0.0009122792469433111,
    0.0009704754894127134,
    0.00020170229975477414,
    0.00011334012452643099,
    0.0006278173971806763,
    0.00040953706564905744,
    0.0003349891528223379,
    -0.0007104254460854037,
    -4.861728973338789e-05,
    -0.00016126874158805705,
    0.0006647615362915161,
    -3.655481680654786e-05,
    0.00039138905421533363,
    -0.002066180880954902,
    5.871538204939213e-07,
    -0.001459369174432427,
    -0.0006255323369229762,
    0.00021357799029067916,
    0.0003818797652684973,
    0.00038769626061334935,
    -0.0008305000212405258,
